{
  "2D": 5031.48335170746,
  "3D": 11219.332272768,
  "AFK": 471.013110399246,
  "Editor": 29076.4798111915,
  "External": 10723.0313591957,
  "Game": 2099.6316215992,
  "Script": 3.00120592117309
}