{
  "2D": 217.709283828735,
  "3D": 10171.6328303814,
  "AFK": 471.013110399246,
  "Editor": 21406.8674628735,
  "External": 9603.55635857582,
  "Game": 1412.96825218201,
  "Script": 1.00073790550232
}