{
  "2D": 3750.03893518448,
  "3D": 11056.7861852646,
  "AFK": 471.013110399246,
  "Editor": 26831.9339547157,
  "External": 10482.209454298,
  "Game": 1540.89810109139,
  "Script": 2.0012788772583
}