{
  "2D": 217.709283828735,
  "3D": 7454.69027352333,
  "AFK": 471.013110399246,
  "Editor": 16883.3622820377,
  "External": 8685.6457657814,
  "Game": 524.316220998764,
  "Script": 1.00073790550232
}