{
  "2D": 217.709283828735,
  "3D": 4858.36484479904,
  "AFK": 471.013110399246,
  "Editor": 13654.4267847538,
  "External": 8325.26281929016,
  "Game": 252.089098930359,
  "Script": 1.00073790550232
}